[{"model": "admin.logentry", "pk": 1, "fields": {"action_time": "2022-11-25T12:41:25.088Z", "user": 4, "content_type": 9, "object_id": "1", "object_repr": "olamgir", "action_flag": 1, "change_message": "[{\"added\": {}}]"}}, {"model": "admin.logentry", "pk": 2, "fields": {"action_time": "2022-11-25T12:41:42.726Z", "user": 4, "content_type": 9, "object_id": "2", "object_repr": "bobir", "action_flag": 1, "change_message": "[{\"added\": {}}]"}}, {"model": "admin.logentry", "pk": 3, "fields": {"action_time": "2022-11-25T12:41:59.824Z", "user": 4, "content_type": 9, "object_id": "3", "object_repr": "komron", "action_flag": 1, "change_message": "[{\"added\": {}}]"}}, {"model": "admin.logentry", "pk": 4, "fields": {"action_time": "2022-11-25T12:42:13.218Z", "user": 4, "content_type": 9, "object_id": "4", "object_repr": "husni", "action_flag": 1, "change_message": "[{\"added\": {}}]"}}, {"model": "admin.logentry", "pk": 5, "fields": {"action_time": "2022-11-25T12:44:46.622Z", "user": 4, "content_type": 9, "object_id": "4", "object_repr": "husni", "action_flag": 2, "change_message": "[{\"changed\": {\"fields\": [\"Digital\"]}}]"}}, {"model": "admin.logentry", "pk": 6, "fields": {"action_time": "2022-11-25T12:44:52.965Z", "user": 4, "content_type": 9, "object_id": "3", "object_repr": "komron", "action_flag": 2, "change_message": "[{\"changed\": {\"fields\": [\"Digital\"]}}]"}}, {"model": "admin.logentry", "pk": 7, "fields": {"action_time": "2022-11-25T12:44:59.890Z", "user": 4, "content_type": 9, "object_id": "2", "object_repr": "bobir", "action_flag": 2, "change_message": "[{\"changed\": {\"fields\": [\"Digital\"]}}]"}}, {"model": "admin.logentry", "pk": 8, "fields": {"action_time": "2022-11-25T12:45:05.261Z", "user": 4, "content_type": 9, "object_id": "1", "object_repr": "olamgir", "action_flag": 2, "change_message": "[{\"changed\": {\"fields\": [\"Digital\"]}}]"}}, {"model": "admin.logentry", "pk": 9, "fields": {"action_time": "2022-11-25T12:49:58.411Z", "user": 4, "content_type": 9, "object_id": "4", "object_repr": "Telefon", "action_flag": 2, "change_message": "[{\"changed\": {\"fields\": [\"Name\", \"Digital\"]}}]"}}, {"model": "admin.logentry", "pk": 10, "fields": {"action_time": "2022-11-25T12:50:16.046Z", "user": 4, "content_type": 9, "object_id": "3", "object_repr": "Quloqchin", "action_flag": 2, "change_message": "[{\"changed\": {\"fields\": [\"Name\", \"Digital\"]}}]"}}, {"model": "admin.logentry", "pk": 11, "fields": {"action_time": "2022-11-25T12:50:31.029Z", "user": 4, "content_type": 9, "object_id": "2", "object_repr": "Planshet", "action_flag": 2, "change_message": "[{\"changed\": {\"fields\": [\"Name\", \"Digital\"]}}]"}}, {"model": "admin.logentry", "pk": 12, "fields": {"action_time": "2022-11-25T12:50:54.371Z", "user": 4, "content_type": 9, "object_id": "1", "object_repr": "Koptok", "action_flag": 2, "change_message": "[{\"changed\": {\"fields\": [\"Name\", \"Digital\"]}}]"}}, {"model": "admin.logentry", "pk": 13, "fields": {"action_time": "2022-11-25T13:38:09.303Z", "user": 4, "content_type": 9, "object_id": "4", "object_repr": "Telefon", "action_flag": 2, "change_message": "[{\"changed\": {\"fields\": [\"Image\"]}}]"}}, {"model": "admin.logentry", "pk": 14, "fields": {"action_time": "2022-11-25T13:38:46.226Z", "user": 4, "content_type": 9, "object_id": "3", "object_repr": "Quloqchin", "action_flag": 2, "change_message": "[{\"changed\": {\"fields\": [\"Image\"]}}]"}}, {"model": "admin.logentry", "pk": 15, "fields": {"action_time": "2022-11-25T13:38:55.220Z", "user": 4, "content_type": 9, "object_id": "2", "object_repr": "Planshet", "action_flag": 2, "change_message": "[{\"changed\": {\"fields\": [\"Image\"]}}]"}}, {"model": "admin.logentry", "pk": 16, "fields": {"action_time": "2022-11-25T13:39:46.477Z", "user": 4, "content_type": 9, "object_id": "1", "object_repr": "Koptok", "action_flag": 2, "change_message": "[{\"changed\": {\"fields\": [\"Image\"]}}]"}}, {"model": "admin.logentry", "pk": 17, "fields": {"action_time": "2022-11-25T13:42:21.413Z", "user": 4, "content_type": 9, "object_id": "3", "object_repr": "Quloqchin", "action_flag": 2, "change_message": "[{\"changed\": {\"fields\": [\"Image\"]}}]"}}, {"model": "admin.logentry", "pk": 18, "fields": {"action_time": "2022-11-25T13:42:39.505Z", "user": 4, "content_type": 9, "object_id": "2", "object_repr": "Planshet", "action_flag": 2, "change_message": "[{\"changed\": {\"fields\": [\"Image\"]}}]"}}, {"model": "admin.logentry", "pk": 19, "fields": {"action_time": "2022-11-25T13:42:47.875Z", "user": 4, "content_type": 9, "object_id": "1", "object_repr": "Koptok", "action_flag": 2, "change_message": "[{\"changed\": {\"fields\": [\"Image\"]}}]"}}, {"model": "admin.logentry", "pk": 20, "fields": {"action_time": "2022-11-25T13:52:19.081Z", "user": 4, "content_type": 9, "object_id": "1", "object_repr": "Koptok", "action_flag": 2, "change_message": "[{\"changed\": {\"fields\": [\"Image\"]}}]"}}, {"model": "admin.logentry", "pk": 21, "fields": {"action_time": "2022-11-25T13:52:25.253Z", "user": 4, "content_type": 9, "object_id": "1", "object_repr": "Koptok", "action_flag": 2, "change_message": "[]"}}, {"model": "admin.logentry", "pk": 22, "fields": {"action_time": "2022-11-25T14:01:39.161Z", "user": 4, "content_type": 9, "object_id": "4", "object_repr": "Telefon", "action_flag": 2, "change_message": "[{\"changed\": {\"fields\": [\"Image\"]}}]"}}, {"model": "admin.logentry", "pk": 23, "fields": {"action_time": "2022-11-25T14:01:48.521Z", "user": 4, "content_type": 9, "object_id": "3", "object_repr": "Quloqchin", "action_flag": 2, "change_message": "[{\"changed\": {\"fields\": [\"Image\"]}}]"}}, {"model": "admin.logentry", "pk": 24, "fields": {"action_time": "2022-11-25T14:01:57.381Z", "user": 4, "content_type": 9, "object_id": "2", "object_repr": "Planshet", "action_flag": 2, "change_message": "[{\"changed\": {\"fields\": [\"Image\"]}}]"}}, {"model": "admin.logentry", "pk": 25, "fields": {"action_time": "2022-11-25T14:02:05.754Z", "user": 4, "content_type": 9, "object_id": "1", "object_repr": "Koptok", "action_flag": 2, "change_message": "[{\"changed\": {\"fields\": [\"Image\"]}}]"}}, {"model": "admin.logentry", "pk": 26, "fields": {"action_time": "2022-11-25T14:03:17.979Z", "user": 4, "content_type": 9, "object_id": "1", "object_repr": "Koptok", "action_flag": 2, "change_message": "[{\"changed\": {\"fields\": [\"Image\"]}}]"}}, {"model": "admin.logentry", "pk": 27, "fields": {"action_time": "2022-11-25T14:04:43.325Z", "user": 4, "content_type": 9, "object_id": "1", "object_repr": "Koptok", "action_flag": 2, "change_message": "[{\"changed\": {\"fields\": [\"Image\"]}}]"}}, {"model": "admin.logentry", "pk": 28, "fields": {"action_time": "2022-11-25T14:08:34.931Z", "user": 4, "content_type": 9, "object_id": "1", "object_repr": "Koptok", "action_flag": 2, "change_message": "[{\"changed\": {\"fields\": [\"Image\"]}}]"}}, {"model": "admin.logentry", "pk": 29, "fields": {"action_time": "2022-11-25T14:10:46.479Z", "user": 4, "content_type": 9, "object_id": "4", "object_repr": "Telefon", "action_flag": 2, "change_message": "[{\"changed\": {\"fields\": [\"Image\"]}}]"}}, {"model": "admin.logentry", "pk": 30, "fields": {"action_time": "2022-11-25T14:10:58.178Z", "user": 4, "content_type": 9, "object_id": "3", "object_repr": "Quloqchin", "action_flag": 2, "change_message": "[{\"changed\": {\"fields\": [\"Image\"]}}]"}}, {"model": "admin.logentry", "pk": 31, "fields": {"action_time": "2022-11-25T14:11:05.588Z", "user": 4, "content_type": 9, "object_id": "2", "object_repr": "Planshet", "action_flag": 2, "change_message": "[{\"changed\": {\"fields\": [\"Image\"]}}]"}}, {"model": "admin.logentry", "pk": 32, "fields": {"action_time": "2022-11-25T14:11:16.064Z", "user": 4, "content_type": 9, "object_id": "1", "object_repr": "Koptok", "action_flag": 2, "change_message": "[{\"changed\": {\"fields\": [\"Image\"]}}]"}}, {"model": "admin.logentry", "pk": 33, "fields": {"action_time": "2022-11-25T14:12:48.115Z", "user": 4, "content_type": 9, "object_id": "4", "object_repr": "Telefon", "action_flag": 2, "change_message": "[{\"changed\": {\"fields\": [\"Image\"]}}]"}}, {"model": "admin.logentry", "pk": 34, "fields": {"action_time": "2022-11-25T14:29:09.551Z", "user": 4, "content_type": 9, "object_id": "5", "object_repr": "Headphone", "action_flag": 1, "change_message": "[{\"added\": {}}]"}}, {"model": "admin.logentry", "pk": 35, "fields": {"action_time": "2022-11-25T14:29:37.969Z", "user": 4, "content_type": 9, "object_id": "6", "object_repr": "Quloqchin", "action_flag": 1, "change_message": "[{\"added\": {}}]"}}, {"model": "admin.logentry", "pk": 36, "fields": {"action_time": "2022-11-25T14:30:17.129Z", "user": 4, "content_type": 9, "object_id": "7", "object_repr": "Iphone 12 pro max", "action_flag": 1, "change_message": "[{\"added\": {}}]"}}, {"model": "admin.logentry", "pk": 37, "fields": {"action_time": "2022-11-25T14:30:37.785Z", "user": 4, "content_type": 9, "object_id": "8", "object_repr": "Iphone 14 pro max", "action_flag": 1, "change_message": "[{\"added\": {}}]"}}, {"model": "admin.logentry", "pk": 38, "fields": {"action_time": "2022-11-25T14:45:27.476Z", "user": 4, "content_type": 7, "object_id": "1", "object_repr": "Bobirbek", "action_flag": 1, "change_message": "[{\"added\": {}}]"}}, {"model": "admin.logentry", "pk": 39, "fields": {"action_time": "2022-11-25T14:46:45.707Z", "user": 4, "content_type": 8, "object_id": "1", "object_repr": "1", "action_flag": 1, "change_message": "[{\"added\": {}}]"}}, {"model": "admin.logentry", "pk": 40, "fields": {"action_time": "2022-11-25T14:47:27.128Z", "user": 4, "content_type": 11, "object_id": "1", "object_repr": "OrderItem object (1)", "action_flag": 1, "change_message": "[{\"added\": {}}]"}}, {"model": "admin.logentry", "pk": 41, "fields": {"action_time": "2022-11-25T15:10:47.535Z", "user": 4, "content_type": 7, "object_id": "2", "object_repr": "Javlon", "action_flag": 1, "change_message": "[{\"added\": {}}]"}}, {"model": "admin.logentry", "pk": 42, "fields": {"action_time": "2022-11-25T15:11:02.035Z", "user": 4, "content_type": 8, "object_id": "1", "object_repr": "1", "action_flag": 2, "change_message": "[{\"changed\": {\"fields\": [\"Customer\"]}}]"}}, {"model": "admin.logentry", "pk": 43, "fields": {"action_time": "2022-11-25T15:11:12.528Z", "user": 4, "content_type": 11, "object_id": "1", "object_repr": "OrderItem object (1)", "action_flag": 2, "change_message": "[]"}}, {"model": "admin.logentry", "pk": 44, "fields": {"action_time": "2022-11-25T15:12:51.917Z", "user": 4, "content_type": 7, "object_id": "3", "object_repr": "Komron", "action_flag": 1, "change_message": "[{\"added\": {}}]"}}, {"model": "admin.logentry", "pk": 45, "fields": {"action_time": "2022-11-25T15:13:06.422Z", "user": 4, "content_type": 8, "object_id": "1", "object_repr": "1", "action_flag": 2, "change_message": "[{\"changed\": {\"fields\": [\"Customer\"]}}]"}}, {"model": "admin.logentry", "pk": 46, "fields": {"action_time": "2022-11-25T15:13:16.011Z", "user": 4, "content_type": 11, "object_id": "1", "object_repr": "OrderItem object (1)", "action_flag": 2, "change_message": "[]"}}, {"model": "admin.logentry", "pk": 47, "fields": {"action_time": "2022-11-25T17:50:17.123Z", "user": 4, "content_type": 8, "object_id": "2", "object_repr": "2", "action_flag": 1, "change_message": "[{\"added\": {}}]"}}, {"model": "admin.logentry", "pk": 48, "fields": {"action_time": "2022-11-25T17:50:44.293Z", "user": 4, "content_type": 11, "object_id": "2", "object_repr": "OrderItem object (2)", "action_flag": 1, "change_message": "[{\"added\": {}}]"}}, {"model": "admin.logentry", "pk": 49, "fields": {"action_time": "2022-11-25T18:53:31.201Z", "user": 4, "content_type": 8, "object_id": "2", "object_repr": "2", "action_flag": 2, "change_message": "[{\"changed\": {\"fields\": [\"Transaction id\"]}}]"}}, {"model": "admin.logentry", "pk": 50, "fields": {"action_time": "2022-11-25T18:53:44.132Z", "user": 4, "content_type": 11, "object_id": "2", "object_repr": "OrderItem object (2)", "action_flag": 2, "change_message": "[]"}}, {"model": "admin.logentry", "pk": 51, "fields": {"action_time": "2022-11-25T18:58:23.482Z", "user": 4, "content_type": 11, "object_id": "3", "object_repr": "OrderItem object (3)", "action_flag": 1, "change_message": "[{\"added\": {}}]"}}, {"model": "admin.logentry", "pk": 52, "fields": {"action_time": "2022-11-25T18:58:36.950Z", "user": 4, "content_type": 11, "object_id": "4", "object_repr": "OrderItem object (4)", "action_flag": 1, "change_message": "[{\"added\": {}}]"}}, {"model": "admin.logentry", "pk": 53, "fields": {"action_time": "2022-11-25T18:58:56.700Z", "user": 4, "content_type": 9, "object_id": "4", "object_repr": "Telefon", "action_flag": 2, "change_message": "[{\"changed\": {\"fields\": [\"Price\"]}}]"}}, {"model": "admin.logentry", "pk": 54, "fields": {"action_time": "2022-11-25T18:59:18.408Z", "user": 4, "content_type": 9, "object_id": "3", "object_repr": "Quloqchin", "action_flag": 2, "change_message": "[{\"changed\": {\"fields\": [\"Price\"]}}]"}}, {"model": "admin.logentry", "pk": 55, "fields": {"action_time": "2022-11-25T18:59:36.964Z", "user": 4, "content_type": 9, "object_id": "2", "object_repr": "Planshet", "action_flag": 2, "change_message": "[{\"changed\": {\"fields\": [\"Price\"]}}]"}}, {"model": "admin.logentry", "pk": 56, "fields": {"action_time": "2022-11-25T18:59:52.944Z", "user": 4, "content_type": 9, "object_id": "1", "object_repr": "Koptok", "action_flag": 2, "change_message": "[{\"changed\": {\"fields\": [\"Price\"]}}]"}}, {"model": "admin.logentry", "pk": 57, "fields": {"action_time": "2022-11-25T19:00:10.422Z", "user": 4, "content_type": 9, "object_id": "8", "object_repr": "Iphone 14 pro max", "action_flag": 2, "change_message": "[{\"changed\": {\"fields\": [\"Price\"]}}]"}}, {"model": "admin.logentry", "pk": 58, "fields": {"action_time": "2022-11-28T04:45:21.172Z", "user": 5, "content_type": 7, "object_id": "4", "object_repr": "Bobur", "action_flag": 1, "change_message": "[{\"added\": {}}]"}}, {"model": "admin.logentry", "pk": 59, "fields": {"action_time": "2022-11-28T04:46:08.640Z", "user": 5, "content_type": 8, "object_id": "3", "object_repr": "3", "action_flag": 1, "change_message": "[{\"added\": {}}]"}}, {"model": "admin.logentry", "pk": 60, "fields": {"action_time": "2022-11-28T04:46:34.414Z", "user": 5, "content_type": 11, "object_id": "5", "object_repr": "OrderItem object (5)", "action_flag": 1, "change_message": "[{\"added\": {}}]"}}, {"model": "admin.logentry", "pk": 61, "fields": {"action_time": "2022-11-28T11:09:28.629Z", "user": 5, "content_type": 8, "object_id": "1", "object_repr": "1", "action_flag": 2, "change_message": "[{\"changed\": {\"fields\": [\"Customer\"]}}]"}}, {"model": "admin.logentry", "pk": 62, "fields": {"action_time": "2022-11-28T11:14:27.970Z", "user": 5, "content_type": 8, "object_id": "1", "object_repr": "1", "action_flag": 2, "change_message": "[{\"changed\": {\"fields\": [\"Customer\"]}}]"}}, {"model": "admin.logentry", "pk": 63, "fields": {"action_time": "2022-11-30T06:05:37.344Z", "user": 5, "content_type": 10, "object_id": "7", "object_repr": "16000", "action_flag": 3, "change_message": ""}}, {"model": "admin.logentry", "pk": 64, "fields": {"action_time": "2022-11-30T06:05:42.968Z", "user": 5, "content_type": 10, "object_id": "4", "object_repr": "16000", "action_flag": 3, "change_message": ""}}, {"model": "admin.logentry", "pk": 65, "fields": {"action_time": "2022-11-30T06:05:47.575Z", "user": 5, "content_type": 10, "object_id": "3", "object_repr": "16000", "action_flag": 3, "change_message": ""}}, {"model": "admin.logentry", "pk": 66, "fields": {"action_time": "2022-11-30T06:05:51.446Z", "user": 5, "content_type": 10, "object_id": "1", "object_repr": "16000", "action_flag": 3, "change_message": ""}}, {"model": "admin.logentry", "pk": 67, "fields": {"action_time": "2022-11-30T06:05:55.461Z", "user": 5, "content_type": 10, "object_id": "2", "object_repr": "1234", "action_flag": 3, "change_message": ""}}, {"model": "admin.logentry", "pk": 68, "fields": {"action_time": "2022-11-30T06:06:01.655Z", "user": 5, "content_type": 10, "object_id": "5", "object_repr": "16000", "action_flag": 3, "change_message": ""}}, {"model": "admin.logentry", "pk": 69, "fields": {"action_time": "2022-11-30T06:06:06.301Z", "user": 5, "content_type": 10, "object_id": "6", "object_repr": "16000", "action_flag": 3, "change_message": ""}}, {"model": "admin.logentry", "pk": 70, "fields": {"action_time": "2022-11-30T06:06:10.603Z", "user": 5, "content_type": 10, "object_id": "8", "object_repr": "1234", "action_flag": 3, "change_message": ""}}, {"model": "admin.logentry", "pk": 71, "fields": {"action_time": "2022-11-30T06:07:01.921Z", "user": 5, "content_type": 10, "object_id": "9", "object_repr": "16000", "action_flag": 1, "change_message": "[{\"added\": {}}]"}}, {"model": "admin.logentry", "pk": 72, "fields": {"action_time": "2022-11-30T09:40:16.221Z", "user": 5, "content_type": 9, "object_id": "9", "object_repr": "Koptok", "action_flag": 1, "change_message": "[{\"added\": {}}]"}}, {"model": "admin.logentry", "pk": 73, "fields": {"action_time": "2022-11-30T09:40:40.640Z", "user": 5, "content_type": 9, "object_id": "10", "object_repr": "Koptok", "action_flag": 1, "change_message": "[{\"added\": {}}]"}}, {"model": "admin.logentry", "pk": 74, "fields": {"action_time": "2022-11-30T09:41:04.558Z", "user": 5, "content_type": 9, "object_id": "11", "object_repr": "Koptok", "action_flag": 1, "change_message": "[{\"added\": {}}]"}}, {"model": "admin.logentry", "pk": 75, "fields": {"action_time": "2022-11-30T09:43:52.273Z", "user": 5, "content_type": 9, "object_id": "12", "object_repr": "Telefon", "action_flag": 1, "change_message": "[{\"added\": {}}]"}}, {"model": "auth.permission", "pk": 1, "fields": {"name": "Can add log entry", "content_type": 1, "codename": "add_logentry"}}, {"model": "auth.permission", "pk": 2, "fields": {"name": "Can change log entry", "content_type": 1, "codename": "change_logentry"}}, {"model": "auth.permission", "pk": 3, "fields": {"name": "Can delete log entry", "content_type": 1, "codename": "delete_logentry"}}, {"model": "auth.permission", "pk": 4, "fields": {"name": "Can view log entry", "content_type": 1, "codename": "view_logentry"}}, {"model": "auth.permission", "pk": 5, "fields": {"name": "Can add permission", "content_type": 2, "codename": "add_permission"}}, {"model": "auth.permission", "pk": 6, "fields": {"name": "Can change permission", "content_type": 2, "codename": "change_permission"}}, {"model": "auth.permission", "pk": 7, "fields": {"name": "Can delete permission", "content_type": 2, "codename": "delete_permission"}}, {"model": "auth.permission", "pk": 8, "fields": {"name": "Can view permission", "content_type": 2, "codename": "view_permission"}}, {"model": "auth.permission", "pk": 9, "fields": {"name": "Can add group", "content_type": 3, "codename": "add_group"}}, {"model": "auth.permission", "pk": 10, "fields": {"name": "Can change group", "content_type": 3, "codename": "change_group"}}, {"model": "auth.permission", "pk": 11, "fields": {"name": "Can delete group", "content_type": 3, "codename": "delete_group"}}, {"model": "auth.permission", "pk": 12, "fields": {"name": "Can view group", "content_type": 3, "codename": "view_group"}}, {"model": "auth.permission", "pk": 13, "fields": {"name": "Can add user", "content_type": 4, "codename": "add_user"}}, {"model": "auth.permission", "pk": 14, "fields": {"name": "Can change user", "content_type": 4, "codename": "change_user"}}, {"model": "auth.permission", "pk": 15, "fields": {"name": "Can delete user", "content_type": 4, "codename": "delete_user"}}, {"model": "auth.permission", "pk": 16, "fields": {"name": "Can view user", "content_type": 4, "codename": "view_user"}}, {"model": "auth.permission", "pk": 17, "fields": {"name": "Can add content type", "content_type": 5, "codename": "add_contenttype"}}, {"model": "auth.permission", "pk": 18, "fields": {"name": "Can change content type", "content_type": 5, "codename": "change_contenttype"}}, {"model": "auth.permission", "pk": 19, "fields": {"name": "Can delete content type", "content_type": 5, "codename": "delete_contenttype"}}, {"model": "auth.permission", "pk": 20, "fields": {"name": "Can view content type", "content_type": 5, "codename": "view_contenttype"}}, {"model": "auth.permission", "pk": 21, "fields": {"name": "Can add session", "content_type": 6, "codename": "add_session"}}, {"model": "auth.permission", "pk": 22, "fields": {"name": "Can change session", "content_type": 6, "codename": "change_session"}}, {"model": "auth.permission", "pk": 23, "fields": {"name": "Can delete session", "content_type": 6, "codename": "delete_session"}}, {"model": "auth.permission", "pk": 24, "fields": {"name": "Can view session", "content_type": 6, "codename": "view_session"}}, {"model": "auth.permission", "pk": 25, "fields": {"name": "Can add customer", "content_type": 7, "codename": "add_customer"}}, {"model": "auth.permission", "pk": 26, "fields": {"name": "Can change customer", "content_type": 7, "codename": "change_customer"}}, {"model": "auth.permission", "pk": 27, "fields": {"name": "Can delete customer", "content_type": 7, "codename": "delete_customer"}}, {"model": "auth.permission", "pk": 28, "fields": {"name": "Can view customer", "content_type": 7, "codename": "view_customer"}}, {"model": "auth.permission", "pk": 29, "fields": {"name": "Can add order", "content_type": 8, "codename": "add_order"}}, {"model": "auth.permission", "pk": 30, "fields": {"name": "Can change order", "content_type": 8, "codename": "change_order"}}, {"model": "auth.permission", "pk": 31, "fields": {"name": "Can delete order", "content_type": 8, "codename": "delete_order"}}, {"model": "auth.permission", "pk": 32, "fields": {"name": "Can view order", "content_type": 8, "codename": "view_order"}}, {"model": "auth.permission", "pk": 33, "fields": {"name": "Can add product", "content_type": 9, "codename": "add_product"}}, {"model": "auth.permission", "pk": 34, "fields": {"name": "Can change product", "content_type": 9, "codename": "change_product"}}, {"model": "auth.permission", "pk": 35, "fields": {"name": "Can delete product", "content_type": 9, "codename": "delete_product"}}, {"model": "auth.permission", "pk": 36, "fields": {"name": "Can view product", "content_type": 9, "codename": "view_product"}}, {"model": "auth.permission", "pk": 37, "fields": {"name": "Can add shipping address", "content_type": 10, "codename": "add_shippingaddress"}}, {"model": "auth.permission", "pk": 38, "fields": {"name": "Can change shipping address", "content_type": 10, "codename": "change_shippingaddress"}}, {"model": "auth.permission", "pk": 39, "fields": {"name": "Can delete shipping address", "content_type": 10, "codename": "delete_shippingaddress"}}, {"model": "auth.permission", "pk": 40, "fields": {"name": "Can view shipping address", "content_type": 10, "codename": "view_shippingaddress"}}, {"model": "auth.permission", "pk": 41, "fields": {"name": "Can add order item", "content_type": 11, "codename": "add_orderitem"}}, {"model": "auth.permission", "pk": 42, "fields": {"name": "Can change order item", "content_type": 11, "codename": "change_orderitem"}}, {"model": "auth.permission", "pk": 43, "fields": {"name": "Can delete order item", "content_type": 11, "codename": "delete_orderitem"}}, {"model": "auth.permission", "pk": 44, "fields": {"name": "Can view order item", "content_type": 11, "codename": "view_orderitem"}}, {"model": "auth.user", "pk": 1, "fields": {"password": "pbkdf2_sha256$390000$dMGuF1tbaEw20uExewIegi$6y0SULfAdPuox3S72PwLXK7Oohl70BQVcwwdRIaf0Ow=", "last_login": null, "is_superuser": true, "username": "bobur", "first_name": "", "last_name": "", "email": "bobur22@gmail.com", "is_staff": true, "is_active": true, "date_joined": "2022-11-25T11:47:30.402Z", "groups": [], "user_permissions": []}}, {"model": "auth.user", "pk": 2, "fields": {"password": "pbkdf2_sha256$390000$HxsPoLP2tdd7oDjMHHjuqE$aQwTXJJ/N+AcyFo5uteYytJRoNE41HNAbyI+Uv1bO0o=", "last_login": null, "is_superuser": true, "username": "bobir", "first_name": "", "last_name": "", "email": "bobur2207@gmail.com", "is_staff": true, "is_active": true, "date_joined": "2022-11-25T12:35:37.291Z", "groups": [], "user_permissions": []}}, {"model": "auth.user", "pk": 3, "fields": {"password": "pbkdf2_sha256$390000$cn1rkzalGp7KfJe8Yp3VKe$DcIcmBchpEaCvA9sVZbv00sYlcGlF5NFsqMgu9+FwW4=", "last_login": null, "is_superuser": true, "username": "boburjon", "first_name": "", "last_name": "", "email": "bobir2207@gmail.com", "is_staff": true, "is_active": true, "date_joined": "2022-11-25T12:37:41.570Z", "groups": [], "user_permissions": []}}, {"model": "auth.user", "pk": 4, "fields": {"password": "pbkdf2_sha256$390000$awv5E2pFATrccvbOijzo8I$7LnVqtaPEvnCBDCb4rupJjFRyoiNNR+2n0CJB6zd8oU=", "last_login": "2022-11-25T12:41:03.695Z", "is_superuser": true, "username": "anaqa", "first_name": "", "last_name": "", "email": "anaqa@anaqa.com", "is_staff": true, "is_active": true, "date_joined": "2022-11-25T12:40:38.910Z", "groups": [], "user_permissions": []}}, {"model": "auth.user", "pk": 5, "fields": {"password": "pbkdf2_sha256$390000$WK8N2pzJ3n1xXikzL4eGyM$vAxRepI1RKw1mBj4o3wlU+64Ex6QhZ2WUkhqlxtNvAg=", "last_login": "2022-11-28T04:43:57.540Z", "is_superuser": true, "username": "boburbek", "first_name": "", "last_name": "", "email": "bobur22@gmail.com", "is_staff": true, "is_active": true, "date_joined": "2022-11-28T04:43:10.192Z", "groups": [], "user_permissions": []}}, {"model": "contenttypes.contenttype", "pk": 1, "fields": {"app_label": "admin", "model": "logentry"}}, {"model": "contenttypes.contenttype", "pk": 2, "fields": {"app_label": "auth", "model": "permission"}}, {"model": "contenttypes.contenttype", "pk": 3, "fields": {"app_label": "auth", "model": "group"}}, {"model": "contenttypes.contenttype", "pk": 4, "fields": {"app_label": "auth", "model": "user"}}, {"model": "contenttypes.contenttype", "pk": 5, "fields": {"app_label": "contenttypes", "model": "contenttype"}}, {"model": "contenttypes.contenttype", "pk": 6, "fields": {"app_label": "sessions", "model": "session"}}, {"model": "contenttypes.contenttype", "pk": 7, "fields": {"app_label": "store", "model": "customer"}}, {"model": "contenttypes.contenttype", "pk": 8, "fields": {"app_label": "store", "model": "order"}}, {"model": "contenttypes.contenttype", "pk": 9, "fields": {"app_label": "store", "model": "product"}}, {"model": "contenttypes.contenttype", "pk": 10, "fields": {"app_label": "store", "model": "shippingaddress"}}, {"model": "contenttypes.contenttype", "pk": 11, "fields": {"app_label": "store", "model": "orderitem"}}, {"model": "sessions.session", "pk": "dj67lq94hqmbgyo6no747i3762915h6c", "fields": {"session_data": ".eJxVjEEOwiAQRe_C2hCYlDJ16d4zkGEGpGogKe3KeHdt0oVu_3vvv1SgbS1h62kJs6izcur0u0XiR6o7kDvVW9Pc6rrMUe-KPmjX1ybpeTncv4NCvXzridj4BI796ATFeElmwIGzweggWURr0SGBh0FMZkDMAmQcAY52IvX-ANbtN0o:1ozVzp:O90a3ssvQXdYX6G0hVsggftoTulLL87HxQHSsNmHSOc", "expire_date": "2022-12-12T04:43:57.545Z"}}, {"model": "sessions.session", "pk": "ouhhj97le88r4elam3aj5mzuv1m9jgqg", "fields": {"session_data": ".eJxVjMsOwiAQRf-FtSEdeQy4dN9vIEMHpGogKe3K-O_apAvd3nPOfYlA21rC1tMSZhYXocXpd4s0PVLdAd-p3pqcWl2XOcpdkQftcmycntfD_Tso1Mu3Bu3yQJYRbQJU5O0AyphsFHF0bFAhgE-ITivGzD46ZywD8DlxziDeH8HhN2E:1oyY0t:pzaPKnt-KZ09VGiLQGHVhAJp1bSybKVVs1UOxnqLEb4", "expire_date": "2022-12-09T12:41:03.701Z"}}, {"model": "store.customer", "pk": 1, "fields": {"user": 1, "name": "Bobirbek", "email": "bobur22@gamil.com"}}, {"model": "store.customer", "pk": 2, "fields": {"user": 2, "name": "Javlon", "email": "javlon11@gmail.com"}}, {"model": "store.customer", "pk": 3, "fields": {"user": 4, "name": "Komron", "email": "anaqa@anaqa.com"}}, {"model": "store.customer", "pk": 4, "fields": {"user": 5, "name": "Bobur", "email": "bobur22@gamil.com"}}, {"model": "store.product", "pk": 1, "fields": {"name": "Koptok", "price": 12.99, "digital": false, "image": "download.jpeg"}}, {"model": "store.product", "pk": 2, "fields": {"name": "Planshet", "price": 249.99, "digital": false, "image": "planshet.jpeg"}}, {"model": "store.product", "pk": 3, "fields": {"name": "Quloqchin", "price": 14.99, "digital": false, "image": "headphones.jpeg"}}, {"model": "store.product", "pk": 4, "fields": {"name": "Telefon", "price": 200, "digital": false, "image": "images.jpeg"}}, {"model": "store.product", "pk": 5, "fields": {"name": "Headphone", "price": 199, "digital": false, "image": "headphones1.jpeg"}}, {"model": "store.product", "pk": 6, "fields": {"name": "Quloqchin", "price": 59, "digital": false, "image": "headphones3.jpeg"}}, {"model": "store.product", "pk": 7, "fields": {"name": "Iphone 12 pro max", "price": 1200, "digital": false, "image": "apple1.jpeg"}}, {"model": "store.product", "pk": 8, "fields": {"name": "Iphone 14 pro max", "price": 1499.99, "digital": false, "image": "apple_2.jpeg"}}, {"model": "store.product", "pk": 9, "fields": {"name": "Koptok", "price": 15.99, "digital": false, "image": "images_1.jpeg"}}, {"model": "store.product", "pk": 10, "fields": {"name": "Koptok", "price": 9.99, "digital": false, "image": "images_2.jpeg"}}, {"model": "store.product", "pk": 11, "fields": {"name": "Koptok", "price": 12.99, "digital": false, "image": "download1_uCRTD79.jpeg"}}, {"model": "store.product", "pk": 12, "fields": {"name": "Telefon", "price": 249.99, "digital": false, "image": "images_3.jpeg"}}, {"model": "store.order", "pk": 1, "fields": {"customer": 3, "date_ordered": "2022-11-25T14:46:45.705Z", "complete": false, "transaction_id": "6435234"}}, {"model": "store.order", "pk": 2, "fields": {"customer": 1, "date_ordered": "2022-11-25T17:50:17.122Z", "complete": false, "transaction_id": "6435235"}}, {"model": "store.order", "pk": 3, "fields": {"customer": 4, "date_ordered": "2022-11-28T04:46:08.639Z", "complete": true, "transaction_id": "1669646448.726103"}}, {"model": "store.order", "pk": 4, "fields": {"customer": 4, "date_ordered": "2022-11-28T14:40:51.060Z", "complete": false, "transaction_id": "1669727864.143066"}}, {"model": "store.orderitem", "pk": 1, "fields": {"product": 3, "order": 1, "quantity": 2, "date_added": "2022-11-25T14:47:27.127Z"}}, {"model": "store.orderitem", "pk": 2, "fields": {"product": 2, "order": 2, "quantity": 2, "date_added": "2022-11-25T17:50:44.292Z"}}, {"model": "store.orderitem", "pk": 3, "fields": {"product": 7, "order": 1, "quantity": 2, "date_added": "2022-11-25T18:58:23.481Z"}}, {"model": "store.orderitem", "pk": 4, "fields": {"product": 1, "order": 1, "quantity": 4, "date_added": "2022-11-25T18:58:36.949Z"}}, {"model": "store.orderitem", "pk": 5, "fields": {"product": 5, "order": 3, "quantity": 2, "date_added": "2022-11-28T04:46:34.413Z"}}, {"model": "store.orderitem", "pk": 6, "fields": {"product": 1, "order": 3, "quantity": 8, "date_added": "2022-11-28T14:28:08.775Z"}}, {"model": "store.orderitem", "pk": 7, "fields": {"product": 1, "order": 4, "quantity": 1, "date_added": "2022-11-29T05:22:16.830Z"}}, {"model": "store.orderitem", "pk": 12, "fields": {"product": 3, "order": 4, "quantity": 1, "date_added": "2022-11-29T13:01:54.641Z"}}, {"model": "store.orderitem", "pk": 14, "fields": {"product": 8, "order": 4, "quantity": 1, "date_added": "2022-11-30T06:55:55.202Z"}}, {"model": "store.orderitem", "pk": 15, "fields": {"product": 2, "order": 4, "quantity": 1, "date_added": "2022-11-30T07:46:21.425Z"}}, {"model": "store.orderitem", "pk": 16, "fields": {"product": 4, "order": 4, "quantity": 1, "date_added": "2022-11-30T09:28:45.816Z"}}, {"model": "store.orderitem", "pk": 17, "fields": {"product": 6, "order": 4, "quantity": 1, "date_added": "2022-11-30T09:28:49.063Z"}}, {"model": "store.orderitem", "pk": 18, "fields": {"product": 7, "order": 4, "quantity": 1, "date_added": "2022-11-30T09:28:52.342Z"}}, {"model": "store.orderitem", "pk": 19, "fields": {"product": 9, "order": 4, "quantity": 1, "date_added": "2022-11-30T09:44:54.308Z"}}, {"model": "store.orderitem", "pk": 20, "fields": {"product": 10, "order": 4, "quantity": 1, "date_added": "2022-11-30T09:44:56.854Z"}}, {"model": "store.orderitem", "pk": 21, "fields": {"product": 11, "order": 4, "quantity": 1, "date_added": "2022-11-30T09:44:58.318Z"}}, {"model": "store.orderitem", "pk": 22, "fields": {"product": 12, "order": 4, "quantity": 1, "date_added": "2022-11-30T09:45:02.071Z"}}, {"model": "store.shippingaddress", "pk": 9, "fields": {"customer": 4, "order": 1, "address": "16000", "city": "Pa", "state": "Pa", "zipcode": "66565", "date_added": "2022-11-30T06:07:01.920Z"}}]